day,start_period,start_time,end_time,periods,batch,section,group,course_code,course_title,kind,room,teachers
Sunday,P2,08:50,09:40,1,1-1,B,,PHY1107,Physics,theory,Room CSE-102 (1st yr homeroom),Dr. Sujit Kumer Shil
Sunday,P3,09:40,10:30,1,1-1,A,,PHY1107,Physics,theory,Room CSE-101 (1st yr homeroom),Dr. Sujit Kumer Shil
Sunday,P3,09:40,10:30,1,1-1,B,,CSE1107,Discrete Mathematics,theory,Room CSE-102 (1st yr homeroom),Dr. Sk. Imran Hossain
Sunday,P4,10:40,11:30,1,1-1,A,,CSE1107,Discrete Mathematics,theory,Room CSE-101 (1st yr homeroom),Dr. Sk. Imran Hossain
Sunday,P4,10:40,11:30,1,1-1,B,,MATH1107,Differential and Integral Calculus,theory,Room CSE-102 (1st yr homeroom),Mr. Md. Dulal Hossain
Sunday,P5,11:30,12:20,1,1-1,A,,CSE 1101,c programming,theory,Room CSE-101 (1st yr homeroom),Dr. Md. Abdul Awal
Sunday,P5,11:30,12:20,1,1-1,B,,HUM1107,English and Human Communication,theory,Room CSE-102 (1st yr homeroom),Mr. Munshi Tauhiduzzaman
Sunday,P6,12:20,13:10,1,1-1,A,,HUM1107,English and Human Communication,theory,Room CSE-101 (1st yr homeroom),Mr. Munshi Tauhiduzzaman
Monday,P3,09:40,10:30,1,1-1,A,,MATH1107,Differential and Integral Calculus,theory,Room CSE-101 (1st yr homeroom),Mr. Md. Dulal Hossain
Monday,P3,09:40,10:30,1,1-1,B,,PHY1107,Physics,theory,Room CSE-102 (1st yr homeroom),Dr. Sujit Kumer Shil
Monday,P4,10:40,11:30,1,1-1,A,,CSE1107,Discrete Mathematics,theory,Room CSE-101 (1st yr homeroom),Mr. Md. Badiuzzaman Shuvo
Monday,P4,10:40,11:30,1,1-1,B,,CSE 1101,c programming,theory,Room CSE-102 (1st yr homeroom),Dr. Md. Abdul Awal
Monday,P5,11:30,12:20,1,1-1,A,,HUM1107,English and Human Communication,theory,Room CSE-101 (1st yr homeroom),Mr. Munshi Tauhiduzzaman
Monday,P5,11:30,12:20,1,1-1,B,,CSE1107,Discrete Mathematics,theory,Room CSE-102 (1st yr homeroom),Mr. Md. Badiuzzaman Shuvo
Monday,P6,12:20,13:10,1,1-1,A,,CSE 1101,c programming,theory,Room CSE-101 (1st yr homeroom),Mr. Md Tajmilur Rahman
Monday,P7,14:30,17:00,3,1-1,A,G1,CSE1102,Structured Programming Laboratory,sessional,CSE Lab 104 (1st yr),Mr. Md Tajmilur Rahman
Tuesday,P1,08:00,08:50,1,1-1,B,,PHY1107,Physics,theory,Room CSE-102 (1st yr homeroom),Dr. Sujit Kumer Shil
Tuesday,P2,08:50,09:40,1,1-1,A,,CSE1107,Discrete Mathematics,theory,Room CSE-101 (1st yr homeroom),Dr. Sk. Imran Hossain/Mr. Md. Badiuzzaman Shuvo
Tuesday,P2,08:50,09:40,1,1-1,B,,CSE 1101,c programming,theory,Room CSE-102 (1st yr homeroom),Mr. Md Tajmilur Rahman
Tuesday,P3,09:40,10:30,1,1-1,A,,MATH1107,Differential and Integral Calculus,theory,Room CSE-101 (1st yr homeroom),Dr. Md. Hasanuzzaman
Tuesday,P3,09:40,10:30,1,1-1,B,,CSE1107,Discrete Mathematics,theory,Room CSE-102 (1st yr homeroom),Dr. Sk. Imran Hossain/Mr. Md. Badiuzzaman Shuvo
Tuesday,P4,10:40,11:30,1,1-1,A,,CSE 1101,c programming,theory,Room CSE-101 (1st yr homeroom),Dr. Md. Abdul Awal/Mr. Md Tajmilur Rahman
Tuesday,P4,10:40,13:10,3,1-1,B,G1 (0.75cr alt),HUM1108,English and Human Communication Lab,sessional,English Language Lab,Mr. Md. Shahinur Alam Sarker + Mrs. Maria Bhuiyan
Tuesday,P4,10:40,13:10,3,1-1,B,G2 (0.75cr alt),PHY1108,Physics Laboratory,sessional,Physics Lab,Mr. Md. Sohag Hossain + Mr. Md. Afsar Ali
Tuesday,P7,14:30,17:00,3,1-1,B,G2,CSE1102,Structured Programming Laboratory,sessional,CSE Lab 104 (1st yr),Mr. Ehsanul Karim
Wednesday,P1,08:00,10:30,3,1-1,A,G2,CSE1102,Structured Programming Laboratory,sessional,CSE Lab 104 (1st yr),Mr. Ehsanul Karim
Wednesday,P3,09:40,10:30,1,1-1,B,,CSE 1101,c programming,theory,Room CSE-102 (1st yr homeroom),Dr. Md. Abdul Awal/Mr. Md Tajmilur Rahman
Wednesday,P4,10:40,11:30,1,1-1,A,,PHY1107,Physics,theory,Room CSE-101 (1st yr homeroom),Dr. Sujit Kumer Shil
Wednesday,P4,10:40,11:30,1,1-1,B,,MATH1107,Differential and Integral Calculus,theory,Room CSE-102 (1st yr homeroom),Dr. Md. Hasanuzzaman
Wednesday,P5,11:30,12:20,1,1-1,B,,HUM1107,English and Human Communication,theory,Room CSE-102 (1st yr homeroom),Mr. Munshi Tauhiduzzaman
Thursday,P1,08:00,10:30,3,1-1,A,G1 (0.75cr alt),HUM1108,English and Human Communication Lab,sessional,English Language Lab,Mr. Md. Shahinur Alam Sarker + Mrs. Maria Bhuiyan
Thursday,P1,08:00,10:30,3,1-1,A,G2 (0.75cr alt),PHY1108,Physics Laboratory,sessional,Physics Lab,Mr. Md. Sohag Hossain + Mr. Md. Afsar Ali
Thursday,P4,10:40,11:30,1,1-1,A,,MATH1107,Differential and Integral Calculus,theory,Room CSE-101 (1st yr homeroom),Mr. Md. Dulal Hossain/Dr. Md. Hasanuzzaman
Thursday,P5,11:30,12:20,1,1-1,A,,PHY1107,Physics,theory,Room CSE-101 (1st yr homeroom),Dr. Sujit Kumer Shil
Thursday,P6,12:20,13:10,1,1-1,B,,MATH1107,Differential and Integral Calculus,theory,Room CSE-102 (1st yr homeroom),Mr. Md. Dulal Hossain/Dr. Md. Hasanuzzaman
Thursday,P7,14:30,17:00,3,1-1,B,G1,CSE1102,Structured Programming Laboratory,sessional,CSE Lab 104 (1st yr),Mr. Md Tajmilur Rahman
Sunday,P1,08:00,10:30,3,2-1,A,G1,CSE2106,Data Structures and Algorithms Laboratory,sessional,CSE Lab 202,Ms. Subah Nawar
Sunday,P1,08:00,10:30,3,2-1,A,G2,CSE2106,Data Structures and Algorithms Laboratory,sessional,CSE Lab 107,Mrs. Lamisa Bintee Mizan Deya
Sunday,P4,10:40,11:30,1,2-1,A,,CSE2103,Microprocessors and Microcontrollers,theory,Room B-102,Mr. Safin Ahmmed
Sunday,P4,10:40,11:30,1,2-1,B,,MATH2107,Fourier Analysis and Linear Algebra,theory,Room B-105,Mr. S.M. Arif Hossen
Sunday,P5,11:30,12:20,1,2-1,A,,CSE2113,Computer Architecture,theory,Room B-102,Mst. Sadia Islam
Sunday,P5,11:30,12:20,1,2-1,B,,CSE2105,Data Structures and Algorithms,theory,Room B-105,Mrs. Lamisa Bintee Mizan Deya
Sunday,P6,12:20,13:10,1,2-1,B,,EEE2117,Analog Electronics,theory,Room B-105,Mr. Jeesun Patra Papon
Sunday,P7,14:30,17:00,3,2-1,B,G1,CSE2114,Computer Architecture Laboratory,sessional,CSE Lab 107,Dr. Md Rejvi Kaysir
Sunday,P7,14:30,17:00,3,2-1,B,G2,CSE2114,Computer Architecture Laboratory,sessional,CSE Lab 103 (2nd room),Mr. Akash Biswas
Monday,P1,08:00,10:30,3,2-1,A,G2,EEE2118,Analog Electronics Laboratory,sessional,ECE Lab 104,Mr. Akash Biswas
Monday,P1,08:00,10:30,3,2-1,B,G1,CSE2104,Microprocessors and Microcontrollers Laboratory,sessional,CSE Lab 103,Dr. Muhammad Sheikh Sadi
Monday,P1,08:00,10:30,3,2-1,B,G2,CSE2104,Microprocessors and Microcontrollers Laboratory,sessional,CSE Lab 103 (2nd room),Mr. Md. Repon Islam
Monday,P4,10:40,11:30,1,2-1,A,,EEE2117,Analog Electronics,theory,Room B-102,Mr. Jeesun Patra Papon
Monday,P4,10:40,11:30,1,2-1,B,,CSE2113,Computer Architecture,theory,Room B-105,Mst. Sadia Islam
Monday,P5,11:30,12:20,1,2-1,A,,CSE2105,Data Structures and Algorithms,theory,Room B-102,Mrs. Lamisa Bintee Mizan Deya
Monday,P5,11:30,12:20,1,2-1,B,,CSE2103,Microprocessors and Microcontrollers,theory,Room B-105,Mr. Safin Ahmmed
Monday,P6,12:20,13:10,1,2-1,A,,MATH2107,Fourier Analysis and Linear Algebra,theory,Room B-102,Mr. S.M. Arif Hossen
Monday,P6,12:20,13:10,1,2-1,B,,CSE2105,Data Structures and Algorithms,theory,Room B-105,Mrs. Lamisa Bintee Mizan Deya
Monday,P7,14:30,17:00,3,2-1,A,G1,CSE2114,Computer Architecture Laboratory,sessional,CSE Lab 103 (2nd room),Dr. Md Rejvi Kaysir
Monday,P7,14:30,17:00,3,2-1,A,G2,CSE2114,Computer Architecture Laboratory,sessional,CSE Lab 107,Mr. Akash Biswas
Tuesday,P1,08:00,08:50,1,2-1,A,,MATH2107,Fourier Analysis and Linear Algebra,theory,Room B-102,Mr. S.M. Arif Hossen
Tuesday,P2,08:50,09:40,1,2-1,A,,CSE2103,Microprocessors and Microcontrollers,theory,Room B-102,Mr. Safin Ahmmed
Tuesday,P3,09:40,10:30,1,2-1,A,,EEE2117,Analog Electronics,theory,Room B-102,Mr. Jeesun Patra Papon
Tuesday,P3,09:40,10:30,1,2-1,B,,CSE2113,Computer Architecture,theory,Room B-105,Mst. Sadia Islam
Tuesday,P4,10:40,11:30,1,2-1,A,,CSE2113,Computer Architecture,theory,Room B-102,Mst. Sadia Islam
Tuesday,P4,10:40,11:30,1,2-1,B,,CSE2105,Data Structures and Algorithms,theory,Room B-105,Mrs. Lamisa Bintee Mizan Deya
Tuesday,P5,11:30,12:20,1,2-1,B,,MATH2107,Fourier Analysis and Linear Algebra,theory,Room B-105,Mr. S.M. Arif Hossen
Tuesday,P6,12:20,13:10,1,2-1,B,,CSE2103,Microprocessors and Microcontrollers,theory,Room B-105,Mr. Safin Ahmmed
Tuesday,P7,14:30,17:00,3,2-1,B,G1,CSE2106,Data Structures and Algorithms Laboratory,sessional,CSE Lab 103 (2nd room),Ms. Subah Nawar
Tuesday,P7,14:30,17:00,3,2-1,B,G2,CSE2106,Data Structures and Algorithms Laboratory,sessional,CSE Lab 103,Mrs. Lamisa Bintee Mizan Deya
Wednesday,P1,08:00,08:50,1,2-1,A,,EEE2117,Analog Electronics,theory,Room B-102,Mr. Jeesun Patra Papon
Wednesday,P1,08:00,10:30,3,2-1,B,G1,ME2170,Computer Aided Design Laboratory,sessional,CSE Lab 103 (2nd room),Dr. Md. Mahbubur Rahman
Wednesday,P1,08:00,10:30,3,2-1,B,G2,ME2170,Computer Aided Design Laboratory,sessional,CSE Lab 202,Mr. Miir Anjirin Tazrin
Wednesday,P2,08:50,09:40,1,2-1,A,,CSE2103,Microprocessors and Microcontrollers,theory,Room B-102,Mr. Safin Ahmmed
Wednesday,P3,09:40,10:30,1,2-1,A,,CSE2105,Data Structures and Algorithms,theory,Room B-102,Mrs. Lamisa Bintee Mizan Deya
Wednesday,P4,10:40,13:10,3,2-1,A,G1,ME2170,Computer Aided Design Laboratory,sessional,CSE Lab 103,Dr. Md. Mahbubur Rahman
Wednesday,P4,10:40,13:10,3,2-1,A,G2,ME2170,Computer Aided Design Laboratory,sessional,CSE Lab 103 (2nd room),Mr. Miir Anjirin Tazrin
Wednesday,P4,10:40,11:30,1,2-1,B,,CSE2113,Computer Architecture,theory,Room B-105,Mst. Sadia Islam
Wednesday,P5,11:30,12:20,1,2-1,B,,CSE2103,Microprocessors and Microcontrollers,theory,Room B-105,Mr. Safin Ahmmed
Wednesday,P6,12:20,13:10,1,2-1,B,,EEE2117,Analog Electronics,theory,Room B-105,Mr. Jeesun Patra Papon
Wednesday,P7,14:30,17:00,3,2-1,B,G1,EEE2118,Analog Electronics Laboratory,sessional,ECE Lab 104,Dr. Md Rejvi Kaysir
Thursday,P1,08:00,10:30,3,2-1,A,G1,CSE2104,Microprocessors and Microcontrollers Laboratory,sessional,CSE Lab 103,Dr. Muhammad Sheikh Sadi
Thursday,P1,08:00,10:30,3,2-1,A,G2,CSE2104,Microprocessors and Microcontrollers Laboratory,sessional,CSE Lab 103 (2nd room),Mr. Md. Repon Islam
Thursday,P1,08:00,10:30,3,2-1,B,G2,EEE2118,Analog Electronics Laboratory,sessional,ECE Lab 104,Mr. Akash Biswas
Thursday,P4,10:40,11:30,1,2-1,A,,MATH2107,Fourier Analysis and Linear Algebra,theory,Room B-102,Mr. S.M. Arif Hossen
Thursday,P4,10:40,11:30,1,2-1,B,,EEE2117,Analog Electronics,theory,Room B-105,Mr. Jeesun Patra Papon
Thursday,P5,11:30,12:20,1,2-1,A,,CSE2105,Data Structures and Algorithms,theory,Room B-102,Mrs. Lamisa Bintee Mizan Deya
Thursday,P5,11:30,12:20,1,2-1,B,,MATH2107,Fourier Analysis and Linear Algebra,theory,Room B-105,Mr. S.M. Arif Hossen
Thursday,P6,12:20,13:10,1,2-1,A,,CSE2113,Computer Architecture,theory,Room B-102,Mst. Sadia Islam
Thursday,P7,14:30,17:00,3,2-1,A,G1,EEE2118,Analog Electronics Laboratory,sessional,ECE Lab 104,Dr. Md Rejvi Kaysir
Sunday,P2,08:50,09:40,1,2-2,B,,ECE2213,Digital Electronics,theory,Room B-102,Dr. Md. Faisal Hossain
Sunday,P3,09:40,10:30,1,2-2,A,,ECE2213,Digital Electronics,theory,Room D-402,Dr. Md. Faisal Hossain
Sunday,P4,10:40,11:30,1,2-2,A,,HUM2207,Economics and Accounting,theory,Room D-402,Dr. S.M Rabiul Alam
Sunday,P5,11:30,12:20,1,2-2,A,,CSE2201,Algorithm Analysis and Design,theory,Room D-402,Mr. Md. Sakhawat Hossain
Sunday,P6,12:20,13:10,1,2-2,A,,MATH2207,"Complex Variable, Vector Analysis and Statistics",theory,Room D-402,Dr. A. R. M. Jalal Uddin Jamali
Sunday,P7,14:30,17:00,3,2-2,A,G1,ECE2214,Digital Electronics Laboratory,sessional,ECE Lab 104,Mr. Mushfiqur Rahman Masuk
Monday,P1,08:00,10:30,3,2-2,A,G1,CSE2200,Advanced Programming Laboratory,sessional,CSE Lab 202,Mr. Safin Ahmmed
Monday,P1,08:00,10:30,3,2-2,A,G2,CSE2200,Advanced Programming Laboratory,sessional,CSE Lab 107,Mr. Ehsanul Karim
Monday,P2,08:50,09:40,1,2-2,B,,CSE2201,Algorithm Analysis and Design,theory,Room B-102,Mr. Md. Sakhawat Hossain
Monday,P3,09:40,10:30,1,2-2,B,,HUM2207,Economics and Accounting,theory,Room B-102,Dr. S.M Rabiul Alam
Monday,P4,10:40,11:30,1,2-2,A,,CSE2209,Theory of Computation,theory,Room D-402,Mr. Md. Nazirulhasan Shawon
Monday,P4,10:40,13:10,3,2-2,B,G2,ECE2214,Digital Electronics Laboratory,sessional,ECE Lab 104,Mr. Md. Minhajul Islam Arnab
Monday,P5,11:30,12:20,1,2-2,A,,CSE2201,Algorithm Analysis and Design,theory,Room D-402,Mr. Md. Sakhawat Hossain
Monday,P6,12:20,13:10,1,2-2,A,,ECE2213,Digital Electronics,theory,Room D-402,Dr. Md. Faisal Hossain
Monday,P7,14:30,17:00,3,2-2,B,G1,ECE2214,Digital Electronics Laboratory,sessional,ECE Lab 104,Mr. Mushfiqur Rahman Masuk
Tuesday,P1,08:00,10:30,3,2-2,B,G1,CSE2208,Numerical Methods Laboratory,sessional,CSE Lab 103,Dr. Md. Milon Islam
Tuesday,P1,08:00,10:30,3,2-2,B,G2,CSE2208,Numerical Methods Laboratory,sessional,CSE Lab 202,Mrs. Lamisa Bintee Mizan Deya
Tuesday,P4,10:40,11:30,1,2-2,A,,CSE2209,Theory of Computation,theory,Room D-402,Mr. Md. Nazirulhasan Shawon
Tuesday,P5,11:30,12:20,1,2-2,A,,CSE2201,Algorithm Analysis and Design,theory,Room D-402,Mr. Md. Sakhawat Hossain
Tuesday,P5,11:30,12:20,1,2-2,B,,MATH2207,"Complex Variable, Vector Analysis and Statistics",theory,Room B-102,Dr. A. R. M. Jalal Uddin Jamali
Tuesday,P6,12:20,13:10,1,2-2,A,,MATH2207,"Complex Variable, Vector Analysis and Statistics",theory,Room D-402,Dr. A. R. M. Jalal Uddin Jamali
Tuesday,P6,12:20,13:10,1,2-2,B,,CSE2209,Theory of Computation,theory,Room B-102,Mr. Md. Nazirulhasan Shawon
Tuesday,P7,14:30,17:00,3,2-2,A,G2,ECE2214,Digital Electronics Laboratory,sessional,ECE Lab 104,Mr. Md. Minhajul Islam Arnab
Tuesday,P7,14:30,15:20,1,2-2,B,,CSE2201,Algorithm Analysis and Design,theory,Room B-102,Mr. Md. Sakhawat Hossain
Tuesday,P8,15:20,16:10,1,2-2,B,,ECE2213,Digital Electronics,theory,Room B-102,Dr. Md. Faisal Hossain
Wednesday,P1,08:00,10:30,3,2-2,B,G1,CSE2202,Algorithm Analysis and Design Laboratory,sessional,CSE Lab 103,Ms. Subah Nawar
Wednesday,P1,08:00,10:30,3,2-2,B,G2,CSE2202,Algorithm Analysis and Design Laboratory,sessional,CSE Lab 107,Mr. Md. Mubtashim Abrar Nihal
Wednesday,P4,10:40,13:10,3,2-2,A,G1,CSE2208,Numerical Methods Laboratory,sessional,CSE Lab 107,Dr. Md. Milon Islam
Wednesday,P4,10:40,13:10,3,2-2,A,G2,CSE2208,Numerical Methods Laboratory,sessional,CSE Lab 202,Mrs. Lamisa Bintee Mizan Deya
Wednesday,P4,10:40,11:30,1,2-2,B,,CSE2209,Theory of Computation,theory,Room B-102,Mr. Md. Nazirulhasan Shawon
Wednesday,P5,11:30,12:20,1,2-2,B,,ECE2213,Digital Electronics,theory,Room B-102,Dr. Md. Faisal Hossain
Wednesday,P6,12:20,13:10,1,2-2,B,,HUM2207,Economics and Accounting,theory,Room B-102,Dr. S.M Rabiul Alam
Wednesday,P7,14:30,17:00,3,2-2,A,G1,CSE2202,Algorithm Analysis and Design Laboratory,sessional,CSE Lab 103,Ms. Subah Nawar
Wednesday,P7,14:30,17:00,3,2-2,A,G2,CSE2202,Algorithm Analysis and Design Laboratory,sessional,CSE Lab 107,Mr. Md. Mubtashim Abrar Nihal
Wednesday,P7,14:30,15:20,1,2-2,B,,MATH2207,"Complex Variable, Vector Analysis and Statistics",theory,Room B-102,Dr. A. R. M. Jalal Uddin Jamali
Thursday,P1,08:00,08:50,1,2-2,B,,CSE2201,Algorithm Analysis and Design,theory,Room B-102,Mr. Md. Sakhawat Hossain
Thursday,P2,08:50,09:40,1,2-2,A,,CSE2209,Theory of Computation,theory,Room D-402,Mr. Md. Nazirulhasan Shawon
Thursday,P2,08:50,09:40,1,2-2,B,,MATH2207,"Complex Variable, Vector Analysis and Statistics",theory,Room B-102,Dr. A. R. M. Jalal Uddin Jamali
Thursday,P3,09:40,10:30,1,2-2,B,,CSE2209,Theory of Computation,theory,Room B-102,Mr. Md. Nazirulhasan Shawon
Thursday,P4,10:40,11:30,1,2-2,A,,MATH2207,"Complex Variable, Vector Analysis and Statistics",theory,Room D-402,Dr. A. R. M. Jalal Uddin Jamali
Thursday,P4,10:40,13:10,3,2-2,B,G1,CSE2200,Advanced Programming Laboratory,sessional,CSE Lab 103 (2nd room),Mr. Safin Ahmmed
Thursday,P4,10:40,13:10,3,2-2,B,G2,CSE2200,Advanced Programming Laboratory,sessional,CSE Lab 202,Mr. Ehsanul Karim
Thursday,P5,11:30,12:20,1,2-2,A,,HUM2207,Economics and Accounting,theory,Room D-402,Dr. S.M Rabiul Alam
Thursday,P6,12:20,13:10,1,2-2,A,,ECE2213,Digital Electronics,theory,Room D-402,Dr. Md. Faisal Hossain
Sunday,P1,08:00,10:30,3,3-2,A,G1,CSE3220,Software Engineering and Project Management Laboratory,sessional,CSE Lab 103,Mr. Md. Nazirulhasan Shawon
Sunday,P1,08:00,10:30,3,3-2,A,G2,CSE3220,Software Engineering and Project Management Laboratory,sessional,CSE Lab 103 (2nd room),Mr. Nabil Faiyaz Sadi
Sunday,P2,08:50,09:40,1,3-2,B,,CSE3209,Artificial Intelligence,theory,Room D-401,Mr. Waliul Islam Sumon
Sunday,P3,09:40,10:30,1,3-2,B,,CSE3217,Mobile Computing,theory,Room D-401,Ms. Most. Kaniz Fatema Isha
Sunday,P4,10:40,11:30,1,3-2,A,,CSE3217,Mobile Computing,theory,Room B-306,Ms. Most. Kaniz Fatema Isha
Sunday,P4,10:40,13:10,3,3-2,B,G1,CSE3220,Software Engineering and Project Management Laboratory,sessional,CSE Lab 202,Mr. Md. Nazirulhasan Shawon
Sunday,P4,10:40,13:10,3,3-2,B,G2,CSE3220,Software Engineering and Project Management Laboratory,sessional,CSE Lab 103,Mr. Nabil Faiyaz Sadi
Sunday,P5,11:30,12:20,1,3-2,A,,CSE3209,Artificial Intelligence,theory,Room B-306,Mr. Waliul Islam Sumon
Sunday,P6,12:20,13:10,1,3-2,A,,HUM3247,Engineers and Society,theory,Room B-306,Dr. M. M. A. Hashem
Sunday,P7,14:30,17:00,3,3-2,B,G1,CSE3218,Mobile Computing Laboratory,sessional,CSE Lab 202,Mr. Md. Repon Islam
Sunday,P7,14:30,17:00,3,3-2,B,G2,CSE3218,Mobile Computing Laboratory,sessional,CSE Lab 103,Ms. Most. Kaniz Fatema Isha
Monday,P3,09:40,10:30,1,3-2,B,,CSE3219,Software Engineering and Project Management,theory,Room D-401,Mr. Nabil Faiyaz Sadi
Monday,P4,10:40,11:30,1,3-2,A,,CSE3219,Software Engineering and Project Management,theory,Room B-306,Mr. Nabil Faiyaz Sadi
Monday,P4,10:40,11:30,1,3-2,B,,HUM3247,Engineers and Society,theory,Room D-401,Dr. M. M. A. Hashem
Monday,P5,11:30,12:20,1,3-2,A,,CSE3209,Artificial Intelligence,theory,Room B-306,Mr. Waliul Islam Sumon
Monday,P5,11:30,12:20,1,3-2,B,,CSE3211,Compiler Design,theory,Room D-401,Dr. Md. Abdul Awal
Monday,P6,12:20,13:10,1,3-2,A,,CSE3211,Compiler Design,theory,Room B-306,Dr. Md. Abdul Awal
Monday,P6,12:20,13:10,1,3-2,B,,CSE3217,Mobile Computing,theory,Room D-401,Ms. Most. Kaniz Fatema Isha
Tuesday,P1,08:00,10:30,3,3-2,A,G1,CSE3212,Compiler Design Laboratory,sessional,CSE Lab 107,Dr. Md. Abdul Awal
Tuesday,P1,08:00,10:30,3,3-2,A,G2,CSE3212,Compiler Design Laboratory,sessional,CSE Lab 103 (2nd room),Ms. Dola Das
Tuesday,P1,08:00,10:30,3,3-2,B,G1,CSE3230,Technical Writing and Seminar,sessional,Room CSE-501 (seminar),Dr. K. M. Azharul Hasan
Tuesday,P1,08:00,10:30,3,3-2,B,G2,CSE3230,Technical Writing and Seminar,sessional,Room CSE-306,Mr. Kazi Saeed Alam
Tuesday,P4,10:40,11:30,1,3-2,A,,CSE3209,Artificial Intelligence,theory,Room B-306,Mr. Waliul Islam Sumon
Tuesday,P4,10:40,11:30,1,3-2,B,,CSE3219,Software Engineering and Project Management,theory,Room D-401,Mr. Nabil Faiyaz Sadi
Tuesday,P5,11:30,12:20,1,3-2,A,,CSE3219,Software Engineering and Project Management,theory,Room B-306,Mr. Nabil Faiyaz Sadi
Tuesday,P5,11:30,12:20,1,3-2,B,,CSE3211,Compiler Design,theory,Room D-401,Dr. Md. Abdul Awal
Tuesday,P6,12:20,13:10,1,3-2,A,,CSE3211,Compiler Design,theory,Room B-306,Dr. Md. Abdul Awal
Tuesday,P6,12:20,13:10,1,3-2,B,,CSE3209,Artificial Intelligence,theory,Room D-401,Mr. Waliul Islam Sumon
Tuesday,P7,14:30,17:00,3,3-2,A,G1,CSE3230,Technical Writing and Seminar,sessional,Room CSE-501 (seminar),Dr. K. M. Azharul Hasan
Tuesday,P7,14:30,17:00,3,3-2,A,G2,CSE3230,Technical Writing and Seminar,sessional,Room CSE-306,Mr. Kazi Saeed Alam
Wednesday,P1,08:00,10:30,3,3-2,A,G1,CSE3210,Artificial Intelligence Laboratory,sessional,CSE Lab 305 (AI),Mr. Waliul Islam Sumon
Wednesday,P2,08:50,09:40,1,3-2,B,,CSE3211,Compiler Design,theory,Room D-401,Dr. Md. Abdul Awal
Wednesday,P3,09:40,10:30,1,3-2,B,,CSE3219,Software Engineering and Project Management,theory,Room D-401,Mr. Nabil Faiyaz Sadi
Wednesday,P4,10:40,11:30,1,3-2,A,,CSE3219,Software Engineering and Project Management,theory,Room B-306,Mr. Nabil Faiyaz Sadi
Wednesday,P4,10:40,13:10,3,3-2,B,G1,CSE3210,Artificial Intelligence Laboratory,sessional,CSE Lab 305 (AI),Mr. Waliul Islam Sumon
Wednesday,P5,11:30,12:20,1,3-2,A,,HUM3247,Engineers and Society,theory,Room B-306,Dr. M. M. A. Hashem
Wednesday,P6,12:20,13:10,1,3-2,A,,CSE3217,Mobile Computing,theory,Room B-306,Ms. Most. Kaniz Fatema Isha
Wednesday,P7,14:30,17:00,3,3-2,A,G1,CSE3218,Mobile Computing Laboratory,sessional,CSE Lab 202,Mr. Md. Repon Islam
Wednesday,P7,14:30,17:00,3,3-2,A,G2,CSE3218,Mobile Computing Laboratory,sessional,CSE Lab 103 (2nd room),Ms. Most. Kaniz Fatema Isha
Thursday,P1,08:00,10:30,3,3-2,A,G2,CSE3210,Artificial Intelligence Laboratory,sessional,CSE Lab 305 (AI),Mst. Sadia Islam
Thursday,P1,08:00,10:30,3,3-2,B,G1,CSE3212,Compiler Design Laboratory,sessional,CSE Lab 107,Dr. Md. Abdul Awal
Thursday,P1,08:00,10:30,3,3-2,B,G2,CSE3212,Compiler Design Laboratory,sessional,CSE Lab 202,Ms. Dola Das
Thursday,P4,10:40,11:30,1,3-2,A,,CSE3217,Mobile Computing,theory,Room B-306,Ms. Most. Kaniz Fatema Isha
Thursday,P4,10:40,11:30,1,3-2,B,,HUM3247,Engineers and Society,theory,Room D-401,Dr. M. M. A. Hashem
Thursday,P5,11:30,12:20,1,3-2,A,,CSE3211,Compiler Design,theory,Room B-306,Dr. Md. Abdul Awal
Thursday,P5,11:30,12:20,1,3-2,B,,CSE3217,Mobile Computing,theory,Room D-401,Ms. Most. Kaniz Fatema Isha
Thursday,P6,12:20,13:10,1,3-2,B,,CSE3209,Artificial Intelligence,theory,Room D-401,Mr. Waliul Islam Sumon
Thursday,P7,14:30,17:00,3,3-2,B,G2,CSE3210,Artificial Intelligence Laboratory,sessional,CSE Lab 305 (AI),Mst. Sadia Islam
Sunday,P1,08:00,10:30,3,4-1,A,G2,CSE4106,Computer Networks Laboratory,sessional,CSE Lab 201,Mr. Md. Sakhawat Hossain
Sunday,P1,08:00,10:30,3,4-1,B,G1,CSE4122,Natural Language Processing Laboratory,sessional,CSE Lab 305 (AI),Dr. K. M. Azharul Hasan
Sunday,P4,10:40,11:30,1,4-1,A,,CSE4121,Natural Language Processing,theory,Room CSE-501,Dr. K. M. Azharul Hasan
Sunday,P4,10:40,11:30,1,4-1,B,,CSE4101,Computer Graphics and Image Processing,theory,Room CSE-502,Mr. Md. Mubtashim Abrar Nihal
Sunday,P5,11:30,12:20,1,4-1,A,,CSE4115,Computer Security,theory,Room CSE-501,Ms. Dola Das
Sunday,P5,11:30,12:20,1,4-1,B,,CSE4111,Machine Learning,theory,Room CSE-502,Dr. Muhammad Aminul Haque
Sunday,P6,12:20,13:10,1,4-1,A,,CSE4111,Machine Learning,theory,Room CSE-501,Dr. Muhammad Aminul Haque
Sunday,P7,14:30,17:00,3,4-1,A,G2,CSE4122,Natural Language Processing Laboratory,sessional,CSE Lab 305 (AI),Mr. Md. Nazirulhasan Shawon
Sunday,P7,14:30,17:00,3,4-1,B,G1,CSE4106,Computer Networks Laboratory,sessional,CSE Lab 201,Dr. Sk. Imran Hossain
Monday,P1,08:00,10:30,3,4-1,B,G2,CSE4122,Natural Language Processing Laboratory,sessional,CSE Lab 305 (AI),Mr. Md. Nazirulhasan Shawon
Monday,P2,08:50,09:40,1,4-1,A,,CSE4111,Machine Learning,theory,Room CSE-501,Dr. Muhammad Aminul Haque
Monday,P3,09:40,10:30,1,4-1,A,,CSE4105,Computer Networks,theory,Room CSE-501,Mr. Md. Sakhawat Hossain
Monday,P4,10:40,11:30,1,4-1,A,,CSE4115,Computer Security,theory,Room CSE-501,Ms. Dola Das
Monday,P4,10:40,11:30,1,4-1,B,,CSE4105,Computer Networks,theory,Room CSE-502,Mr. Md. Sakhawat Hossain
Monday,P5,11:30,12:20,1,4-1,A,,CSE4101,Computer Graphics and Image Processing,theory,Room CSE-501,Mr. Md. Mubtashim Abrar Nihal
Monday,P5,11:30,12:20,1,4-1,B,,CSE4121,Natural Language Processing,theory,Room CSE-502,Dr. K. M. Azharul Hasan
Monday,P6,12:20,13:10,1,4-1,B,,CSE4115,Computer Security,theory,Room CSE-502,Ms. Dola Das
Monday,P7,14:30,17:00,3,4-1,A,G1,CSE4122,Natural Language Processing Laboratory,sessional,CSE Lab 305 (AI),Dr. K. M. Azharul Hasan
Monday,P7,14:30,17:00,3,4-1,B,G1,CSE4116,Computer Security Laboratory,sessional,CSE Lab 103,Dr. Kazi Md. Rokibul Alam
Monday,P7,14:30,17:00,3,4-1,B,G2,CSE4116,Computer Security Laboratory,sessional,CSE Lab 202,Ms. Dola Das
Tuesday,P1,08:00,10:30,3,4-1,B,G2,CSE4102,Computer Graphics and Image Processing Laboratory,sessional,CSE Lab 305 (AI),Mr. Md. Mubtashim Abrar Nihal
Tuesday,P4,10:40,11:30,1,4-1,A,,CSE4101,Computer Graphics and Image Processing,theory,Room CSE-501,Mr. Md. Mubtashim Abrar Nihal
Tuesday,P4,10:40,11:30,1,4-1,B,,CSE4115,Computer Security,theory,Room CSE-502,Ms. Dola Das
Tuesday,P5,11:30,12:20,1,4-1,A,,CSE4121,Natural Language Processing,theory,Room CSE-501,Mr. Safin Ahmmed
Tuesday,P5,11:30,12:20,1,4-1,B,,CSE4101,Computer Graphics and Image Processing,theory,Room CSE-502,Mr. Md. Mubtashim Abrar Nihal
Tuesday,P6,12:20,13:10,1,4-1,A,,CSE4105,Computer Networks,theory,Room CSE-501,Mr. Md. Sakhawat Hossain
Tuesday,P6,12:20,13:10,1,4-1,B,,CSE4111,Machine Learning,theory,Room CSE-502,Dr. Muhammad Aminul Haque
Tuesday,P7,14:30,17:00,3,4-1,A,G2,CSE4102,Computer Graphics and Image Processing Laboratory,sessional,CSE Lab 305 (AI),Mr. Md. Mubtashim Abrar Nihal
Tuesday,P7,14:30,17:00,3,4-1,B,G1,CSE4112,Machine Learning Laboratory,sessional,CSE Lab 202,Dr. Muhammad Aminul Haque
Tuesday,P7,14:30,17:00,3,4-1,B,G2,CSE4112,Machine Learning Laboratory,sessional,CSE Lab 107,Mr. Nabil Faiyaz Sadi
Wednesday,P1,08:00,10:30,3,4-1,A,G1,CSE4106,Computer Networks Laboratory,sessional,CSE Lab 201,Dr. Sk. Imran Hossain
Wednesday,P3,09:40,10:30,1,4-1,B,,CSE4121,Natural Language Processing,theory,Room CSE-502,Mr. Safin Ahmmed
Wednesday,P4,10:40,11:30,1,4-1,A,,CSE4121,Natural Language Processing,theory,Room CSE-501,Dr. K. M. Azharul Hasan/Mr. Safin Ahmmed
Wednesday,P4,10:40,11:30,1,4-1,B,,CSE4105,Computer Networks,theory,Room CSE-502,Mr. Md. Sakhawat Hossain
Wednesday,P5,11:30,12:20,1,4-1,A,,CSE4111,Machine Learning,theory,Room CSE-501,Dr. Muhammad Aminul Haque
Wednesday,P5,11:30,12:20,1,4-1,B,,CSE4115,Computer Security,theory,Room CSE-502,Ms. Dola Das
Wednesday,P6,12:20,13:10,1,4-1,A,,CSE4115,Computer Security,theory,Room CSE-501,Ms. Dola Das
Wednesday,P7,14:30,17:00,3,4-1,A,G1,CSE4102,Computer Graphics and Image Processing Laboratory,sessional,CSE Lab 305 (AI),Mr. Md Tajmilur Rahman
Thursday,P1,08:00,08:50,1,4-1,B,,CSE4101,Computer Graphics and Image Processing,theory,Room CSE-502,Mr. Md. Mubtashim Abrar Nihal
Thursday,P2,08:50,09:40,1,4-1,A,,CSE4101,Computer Graphics and Image Processing,theory,Room CSE-501,Mr. Md. Mubtashim Abrar Nihal
Thursday,P2,08:50,09:40,1,4-1,B,,CSE4105,Computer Networks,theory,Room CSE-502,Mr. Md. Sakhawat Hossain
Thursday,P3,09:40,10:30,1,4-1,A,,CSE4105,Computer Networks,theory,Room CSE-501,Mr. Md. Sakhawat Hossain
Thursday,P3,09:40,10:30,1,4-1,B,,CSE4111,Machine Learning,theory,Room CSE-502,Dr. Muhammad Aminul Haque
Thursday,P4,10:40,13:10,3,4-1,A,G1,CSE4116,Computer Security Laboratory,sessional,CSE Lab 107,Dr. Kazi Md. Rokibul Alam
Thursday,P4,10:40,13:10,3,4-1,A,G2,CSE4116,Computer Security Laboratory,sessional,CSE Lab 103,Ms. Dola Das
Thursday,P4,10:40,13:10,3,4-1,B,G1,CSE4102,Computer Graphics and Image Processing Laboratory,sessional,CSE Lab 305 (AI),Mr. Md Tajmilur Rahman
Thursday,P4,10:40,13:10,3,4-1,B,G2,CSE4106,Computer Networks Laboratory,sessional,CSE Lab 201,Mr. Md. Sakhawat Hossain
Thursday,P7,14:30,17:00,3,4-1,A,G1,CSE4112,Machine Learning Laboratory,sessional,CSE Lab 107,Dr. Muhammad Aminul Haque
Thursday,P7,14:30,17:00,3,4-1,A,G2,CSE4112,Machine Learning Laboratory,sessional,CSE Lab 103 (2nd room),Mr. Nabil Faiyaz Sadi
Thursday,P7,14:30,15:20,1,4-1,B,,CSE4121,Natural Language Processing,theory,Room CSE-502,Dr. K. M. Azharul Hasan/Mr. Safin Ahmmed
